name,host,p,a,m,rp,g,dp,T,teff,ms,rs,logg,met,ref,pe,ae+,ae-,me+,me-,rpe+,rpe-,ge+,ge-,dpe+,dpe-,Te+,Te-,teffe+,teffe-,mse+,mse-,rse+,rse-,logge+,logge-,mete+,mete-,rpe,me,rpe%,me%,dpe,fp,fpe,fpe+,fpe-,Te,rse,mse,teffe,Host type,Likely nature,wwprob_migrationA_photev,wwprob_migrationB_photev,wwprob_migrationB_impact,namealt,sp
pi Men c,pi Men,6.267852,0.06876,3.623107837,2.147789798,11,0.380917831,1170,5998,1.091,1.19,4.365,0.09,2022AJ....163..223H,1.60E-05,0.00065,0.00065,0.381379772,0.381379772,0.014587914,0.014587914,1.9,9.5,0.072555777,0.072555777,2.8,4.3,62,62,0.031,0.031,0.004,0.004,0.007,0.007,0.04,0.04,0.014587914,0.381379772,0.679205852,10.52631579,0.072555777,1.516661742,0.159980601,0.159980601,0.159980601,3.55,0.004,0.031,62,G,gas-rich,"(11.8, 7.3)","(10.2, 6.7)","(15.7, 4.9)",,
CoRoT-7 b,CoRoT-07,0.85359159,0.01702,6.070294709,1.582227594,21.5,0.888808271,1756,5313,0.884,0.8389,4.573,0.03,2022MNRAS.515.3975J,5.70E-07,0.00017,4.00E-05,0.635632954,0.635632954,0.100993251,0.100993251,3.5,3,0.380917831,0.417195719,27,27,73,73,0.029,0.032,0.0093,0.0088,0.011,0.011,0.07,0.07,0.100993251,0.635632954,6.382978723,10.47120419,0.399056775,0.971830749,0.119178523,0.119178523,0.119178523,27,0.00905,0.0305,73,G,bare rocky,"(0.0, 0.0)","(0.0, 0.0)","(0.0, 0.0)",,
HD 3167 b,HD 003167,0.95965428,0.01802,4.735465506,1.678732256,,0.752766189,1777,5300,0.852,0.871,4.47,0.037,2022A+A...668A..31B,3.00E-07,0.00025,0.00025,0.286034829,0.286034829,0.035908711,0.035908711,,,0.070741883,0.067114094,27,27,73,73,0.026,0.015,0.006,0.006,0.05,0.05,0.048,0.048,0.035908711,0.286034829,2.139037433,6.040268456,0.068927988,1.102683768,0.070658135,0.070658135,0.070658135,27,0.006,0.0205,73,G,bare rocky,"(0.0, 0.0)","(0.0, 0.0)","(0.0, 0.0)",,
HD 3167 c,HD 003167,29.846495,0.1783,10.67863362,2.922071386,,0.321059314,565,5300,0.852,0.871,4.47,0.037,2022A+A...668A..31B,1.60E-05,0.0025,0.0025,0.858104488,0.794541192,0.049374478,0.048252331,,,0.030836205,0.029022311,9,9,73,73,0.026,0.015,0.006,0.006,0.05,0.05,0.048,0.048,0.048813404,0.82632284,1.670506912,7.738095238,0.029929258,1.54068413,0.121966059,0.121966059,0.121966059,9,0.006,0.0205,73,G,gas-rich,"(47.5, 6.9)","(72.4, 8.1)","(81.6, 2.3)",,
HD 20329 b,HD 020329,0.926118,0.018,7.405123912,1.716885261,24.7,1.106475603,2141,5596,0.9,1.13,4.4,-0.07,2022A+A...668A.158M,0.00047,0.0003,0.0003,1.080576021,1.080576021,0.067328834,0.067328834,4.1,4.1,0.217667332,0.217667332,17,17,50,50,0.05,0.05,0.02,0.02,0.07,0.07,0.06,0,0.067328834,1.080576021,3.921568627,14.59227468,0.217667332,0.999384328,0.151007329,0.151007329,0.151007329,17,0.02,0.05,50,G,bare rocky,"(0.0, 0.0)","(0.0, 0.0)","(0.0, 0.0)",,
HD 63935 b,HD 063935,9.058811,0.083100698,10.80576021,2.996133103,,0.290223109,911,5534,0.933,0.959,4.38,0.07,2021AJ....162..215S,1.70E-05,0.004809687,0.004809687,1.811553918,1.811553918,0.134657668,0.134657668,,,0.072555777,0.072555777,27,27,100,100,0.054,0.054,0.042,0.042,0.1,0.1,0.06,0.06,0.134657668,1.811553918,4.494382022,16.76470588,0.072555777,1.574689018,0.273313957,0.273313957,0.273313957,27,0.042,0.054,100,G,gas-rich,"(25.5, 13.4)","(26.5, 15.6)","(32.1, 11.1)",,
HD 63935 c,HD 063935,21.402,0.147409943,11.09179504,2.906361325,,0.344639942,684,5534,0.933,0.959,4.38,0.07,2021AJ....162..215S,0.001005265,0.008531775,0.008531775,2.383623577,2.383623577,0.134657668,0.134657668,,,0.090694722,0.090694722,21,21,100,100,0.054,0.054,0.042,0.042,0.1,0.1,0.06,0.06,0.134657668,2.383623577,4.633204633,21.48997135,0.090694722,1.516759337,0.333440646,0.333440646,0.333440646,21,0.042,0.054,100,G,gas-rich,"(44.8, 17.4)","(59.7, 16.8)","(59.7, 23.1)",,
HD 80653 b,HD 080653,0.719573,0.0166,5.593569993,1.614769863,,1.015780882,3167,6022,1.18,1.22,4.34,0.25,2020A+A...633A.133F,2.10E-05,0.0003,0.0003,0.444943068,0.444943068,0.070695275,0.070695275,,,0.145111555,0.145111555,40,40,72,72,0.04,0.04,0.01,0.01,0.02,0.02,0.05,0.05,0.070695275,0.444943068,4.378040306,7.954545455,0.145111555,1.013987279,0.092067605,0.092067605,0.092067605,40,0.01,0.04,72,G,bare rocky,"(0.0, 0.0)","(0.0, 0.0)","(0.0, 0.0)",,
HD 86226 c,HD 086226,3.98442,0.049,7.246215673,2.165744153,,0.542354435,1311,5863,1.019,1.053,4.4,0.018,2020AJ....160...96T,0.00018,0.001,0.001,1.175920965,1.112357669,0.078550306,0.078550306,,,0.107019771,0.099764194,28,28,88,88,0.061,0.066,0.026,0.026,0.029,0.032,0.057,0.043,0.078550306,1.144139317,3.626943005,15.78947368,0.103391983,1.268074149,0.205436699,0.205436699,0.205436699,28,0.026,0.0635,88,G,bare water,"(11.0, 18.1)","(3.1, 8.2)","(2.2, 1.7)",,
HD 93963 c,HD 093963,3.64514,0.04813,19.06898861,3.231784021,,0.564937848,1344,5987,1.109,1.043,4.49,0.1,2022A+A...667A...1S,1.20E-05,0.00085,0.00085,3.813797723,3.813797723,0.059473803,0.059473803,,,0.113464869,0.113464869,18,18,64,64,0.043,0.043,0.009,0.009,0.11,0.11,0.04,0.04,0.059473803,3.813797723,1.840277778,20,0.113464869,1.45682648,0.292596127,0.292596127,0.292596127,18,0.009,0.043,64,G,gas-rich,"(3.1, 6.0)","(2.0, 4.7)","(2.1, 1.3)",,
HD 95338 b,HD 095338,55.087,0.262,42.42849967,3.893850887,,0.544168329,385,5212,0.83,0.87,4.54,0.04,2020MNRAS.496.4330D,0.02,0.002,0.002,2.224715338,2.0658071,0.190765029,0.201986501,,,0.085253038,0.087066933,17,17,16,11,0.02,0.02,0.04,0.04,0.21,0.21,0.1,0.1,0.196375765,2.145261219,5.043227666,5.056179775,0.086159985,1.414073022,0.100984121,0.100984121,0.100984121,17,0.04,0.02,13.5,G,gas-rich,"(55.0, 7.5)","(89.9, 7.7)","(91.9, 12.0)",,
HD 110113 b,HD 110113,2.541,0.035,4.54477562,2.05352943,,0.39724288,1371,5732,0.997,0.968,4.46,0.14,2021MNRAS.502.4842O,0.001,0.001,0.001,0.635632954,0.635632954,0.123436195,0.123436195,,,0.103391983,0.079811355,14,14,50,50,0.06,0.06,0.018,0.018,0.05,0.05,0.02,0.02,0.123436195,0.635632954,6.010928962,13.98601399,0.091601669,1.36393874,0.20763245,0.20763245,0.20763245,14,0.018,0.06,50,G,gas-rich,"(0.6, 1.8)","(0.1, 0.3)","(0.3, 0.3)",,
HD 119130 b,HD 119130,16.9841,0.13,24.47186872,2.63704599,34.8,1.015780882,795,5725,1,1.09,4.33,0.07,2019A+A...623A.114L,0.0008,0.01,0.01,4.449430676,4.449430676,0.112214723,0.100993251,6.8,6.6,0.217667332,0.199528387,33,28,65,65,0.03,0.03,0.03,0.03,0.04,0.04,0.05,0.05,0.106603987,4.449430676,4.042553191,18.18181818,0.20859786,1.111225662,0.206974766,0.206974766,0.206974766,30.5,0.03,0.03,65,G,gas-rich,"(32.0, 27.3)","(50.2, 37.1)","(36.4, 26.2)",,
HD 136352 b,HD 136352,11.577794,0.0963,4.67190221,1.645067839,,0.796299655,905,5664,0.876,1.054,4.39,-0.24,2023A+A...671A.154E,2.40E-05,0.0021,0.0021,0.41316142,0.41316142,0.034786564,0.034786564,,,0.090694722,0.090694722,14,14,61,61,0.026,0.032,0.014,0.014,0.11,0.11,0.05,0.05,0.034786564,0.41316142,2.114597544,8.843537415,0.090694722,1.084524973,0.098614083,0.098614083,0.098614083,14,0.014,0.029,61,G,bare rocky,"(27.0, 33.8)","(22.7, 30.2)","(26.5, 35.5)",,
HD 136352 c,HD 136352,27.592086,0.1717,11.21892163,2.855864699,,0.360964992,677,5664,0.876,1.054,4.39,-0.24,2023A+A...671A.154E,4.80E-05,0.0037,0.0037,0.603851306,0.572069658,0.058351656,0.057229509,,,0.030836205,0.027208416,11,11,61,61,0.026,0.032,0.014,0.014,0.11,0.11,0.05,0.05,0.057790582,0.587960482,2.023575639,5.240793201,0.029022311,1.485822932,0.083472009,0.083472009,0.083472009,11,0.014,0.029,61,G,gas-rich,"(44.2, 6.8)","(68.8, 9.7)","(77.9, 2.2)",,
HD 137496 b,HD 137496,1.62116,0.02732,4.036269257,1.312912259,,1.432976601,2130,5799,1.04,1.59,4.05,-0.03,2022A+A...657A..68A,8.00E-05,0.00019,0.00019,0.540288011,0.540288011,0.056107361,0.044885889,,,0.290223109,0.25394522,30,29,61,61,0.02,0.02,0.03,0.03,0.1,0.1,0.04,0.04,0.050496625,0.540288011,3.846153846,13.38582677,0.272084165,0.900445205,0.12540886,0.12540886,0.12540886,29.5,0.03,0.02,61,G,bare rocky,"(0.0, 0.0)","(0.0, 0.0)","(0.0, 0.0)",,
HD 183579 b,HD 183579,17.471291,0.1334,20.40381782,3.494366473,,0.326500998,752,5788,1.031,0.985,4.5,-0.023,2023A+A...671L...8B,2.80E-05,0.0062,0.0063,2.606095111,2.510750167,0.069573128,0.006396239,,,0.077997461,0.074369672,10,10,44,44,0.025,0.026,0.037,0.026,0.03,0.03,0.05,0.05,0.037984684,2.558422639,1.087026333,12.53894081,0.076183566,1.54665121,0.194661071,0.194661071,0.194661071,10,0.0315,0.0255,44,G,gas-rich,"(42.7, 18.9)","(48.6, 12.8)","(55.2, 13.2)",,
HD 191939 b,HD 191939,8.8803256,0.0804,10.01121902,3.413571873,8.4,0.19227281,880,5427,0.92,0.945,4.4,-0.16,2023A+A...669A..40O,4.70E-06,0.0025,0.0023,0.699196249,0.699196249,0.075183864,0.075183864,0.8,0.7,0.019952839,0.018138944,20,20,50,50,0.06,0.06,0.021,0.021,0.1,0.1,0.08,0.08,0.075183864,0.699196249,2.202498356,6.984126984,0.019045892,1.831501039,0.134124197,0.134124197,0.134124197,20,0.021,0.06,50,G,gas-rich,"(29.8, 8.4)","(32.8, 10.8)","(36.6, 4.8)",,
HD 191939 c,HD 191939,28.579743,0.1752,8.008975218,3.198119604,7.7,0.185017232,600,5427,0.92,0.945,4.4,-0.16,2023A+A...669A..40O,4.50E-05,0.0055,0.005,0.985231078,0.985231078,0.075183864,0.075183864,1.1,1,0.027208416,0.027208416,13,13,50,50,0.06,0.06,0.021,0.021,0.1,0.1,0.08,0.08,0.075183864,0.985231078,2.350877193,12.3015873,0.027208416,1.822572089,0.228262638,0.228262638,0.228262638,13,0.021,0.06,50,G,gas-rich,"(55.4, 7.2)","(75.3, 6.3)","(81.1, 2.9)",,
HD 191939 d,HD 191939,38.353037,0.2132,2.796784997,2.998377398,3.1,0.077997461,540,5427,0.92,0.945,4.4,-0.16,2023A+A...669A..40O,6.00E-05,0.0065,0.0061,0.603851306,0.603851306,0.069573128,0.069573128,0.7,0.7,0.018138944,0.018138944,11,11,50,50,0.06,0.06,0.021,0.021,0.1,0.1,0.08,0.08,0.069573128,0.603851306,2.320359281,21.59090909,0.018138944,2.270741122,0.493096766,0.493096766,0.493096766,11,0.021,0.06,50,G,gas-rich,"(64.9, 12.4)","(85.9, 10.0)","(88.9, 4.2)",,
HD 213885 b,HD 213885,1.008035,0.0568,8.835298058,1.747183237,28.5,1.251587158,1265,5978,1.068,1.1101,4.3827,-0.04,2020MNRAS.491.2982E,2.10E-05,0.00044,0.00032,0.667414601,0.635632954,0.050496625,0.051618773,2.8,2.7,0.145111555,0.145111555,7,8,50,50,0.02,0.018,0.008,0.0075,0.0095,0.0097,0.03,0.03,0.051057699,0.651523778,2.922286448,7.374100719,0.145111555,0.969623189,0.076910814,0.076910814,0.076910814,7.5,0.00775,0.019,50,G,bare rocky,"(0.0, 0.0)","(0.0, 0.0)","(0.0, 0.0)",,
K2-93 b,K2-093,15.57209,0.1283,6.896617549,2.597770837,,0.297478687,959,6320,1.16,1.273,4.294,-0.1,arXiv:1911.07355,2.00E-05,0.0015,0.0015,0.889886135,0.889886135,0.035908711,0.035908711,,,0.038091783,0.038091783,9,5,60,30,0.04,0.04,0.015,0.015,0.006,0.006,0.07,0.07,0.035908711,0.889886135,1.382289417,12.90322581,0.038091783,1.541496063,0.200040794,0.200040794,0.200040794,7,0.015,0.04,45,G,gas-rich,"(36.2, 14.0)","(45.4, 13.5)","(53.5, 11.0)",,
K2-106 b,K2-106,0.571302,0.01332,8.517481581,1.712396672,28.5,1.287865046,2275,5508,0.96,0.98,4.44,-0.03,arXiv:2208.07328,1.60E-05,0.00028,0.00029,1.017012726,1.017012726,0.069573128,0.057229509,4.1,4,0.217667332,0.199528387,36,32,70,70,0.063,0.062,0.024,0.022,0.033,0.037,0.01,0.01,0.063401318,1.017012726,3.70249017,11.94029851,0.20859786,0.959773854,0.119982927,0.119982927,0.119982927,34,0.023,0.0625,70,G,bare rocky,"(0.0, 0.0)","(0.0, 0.0)","(0.0, 0.0)",,
K2-131 b,K2-131,0.3693038,0.009324171,6.292766242,1.652922869,,1.05205877,,5200,0.793,0.744,4.62,-0.02,2019ApJ...883...79D,9.10E-06,0.000376259,0.000376259,1.398392498,1.398392498,0.065084539,0.056107361,,,0.362778886,0.362778886,,,100,100,0.024,0.04,0.01,0.009,0.1,0.1,0.08,0.08,0.06059595,1.398392498,3.66598778,22.22222222,0.362778886,1.005424476,0.226447536,0.226447536,0.226447536,,0.0095,0.032,100,G,bare rocky,"(0.0, 0.0)","(0.0, 0.0)","(0.0, 0.0)",,
K2-138 c,K2-138,3.56004,0.04461,6.292766242,2.300401821,,0.380917831,1140,5350,0.93,0.86,4.54,0.14,2019A+A...631A..90L,0.00012,0.0003,0.00038,1.112357669,1.207702612,0.123436195,0.089771778,,,0.092508616,0.083439144,21,17,80,80,0.02,0.02,0.03,0.02,0.02,0.04,0.1,0.1,0.106603987,1.160030141,4.634146341,18.43434343,0.08797388,1.399266922,0.265971282,0.265971282,0.265971282,19,0.025,0.02,80,G,gas-rich,"(6.4, 12.7)","(1.5, 4.1)","(1.8, 1.2)",,
K2-138 d,K2-138,5.40479,0.05893,7.913630275,2.390173599,,0.42989298,992,5350,0.93,0.86,4.54,0.14,2019A+A...631A..90L,0.00021,0.0004,0.0005,1.398392498,1.303047555,0.100993251,0.078550306,,,0.09432251,0.081625249,18,15,80,80,0.02,0.02,0.03,0.02,0.02,0.04,0.1,0.1,0.089771778,1.350720027,3.755868545,17.06827309,0.08797388,1.366548931,0.238826661,0.238826661,0.238826661,16.5,0.025,0.02,80,G,gas-rich,"(16.3, 21.8)","(7.1, 10.9)","(8.1, 4.8)",,
K2-138 e,K2-138,8.26146,0.0782,12.9986939,3.388884633,,0.244875748,861,5350,0.93,0.86,4.54,0.14,2019A+A...631A..90L,0.00022,0.00053,0.00066,2.002243804,2.002243804,0.134657668,0.112214723,,,0.04897515,0.043533466,16,13,80,80,0.02,0.02,0.03,0.02,0.02,0.04,0.1,0.1,0.123436195,2.002243804,3.642384106,15.40342298,0.046254308,1.694348752,0.268185169,0.268185169,0.268185169,14.5,0.025,0.02,80,G,gas-rich,"(24.5, 11.6)","(28.2, 13.9)","(29.5, 9.1)",,
K2-222 b,K2-222,15.38857,0.118605488,7.945411922,2.356509182,14.2,0.471612552,878,5942,0.94,1.072,4.35,-0.315,2022AJ....163...41N,0.00088,0.006308806,0.006308806,1.906898861,1.906898861,0.078550306,0.067328834,3.3,3.3,0.108833666,0.108833666,17,16,119,119,0.05,0.05,0.043,0.043,0.02,0.02,0.06,0.06,0.07293957,1.906898861,3.095238095,24,0.108833666,1.345843089,0.325677482,0.325677482,0.325677482,16.5,0.043,0.05,119,G,gas-rich,"(40.0, 23.3)","(38.6, 26.5)","(49.6, 20.2)",,
K2-263 b,K2-263,50.818947,0.2573,14.81024782,2.412616544,25.1,0.779974605,470,5372,0.88,0.85,4.45,-0.08,2018MNRAS.481.1839M,9.40E-05,0.0029,0.0029,3.114601474,3.114601474,0.123436195,0.123436195,6.5,5.6,0.217667332,0.199528387,10,10,73,73,0.03,0.03,0.02,0.02,0.1,0.1,0.05,0.05,0.123436195,3.114601474,5.11627907,21.03004292,0.20859786,1.164448016,0.252026748,0.252026748,0.252026748,10,0.02,0.03,73,G,gas-rich,"(51.4, 21.4)","(76.9, 30.1)","(82.3, 25.3)",,
K2-265 b,K2-265,2.369172,0.03376,6.547019424,1.716885261,,0.979502993,,5477,0.915,0.977,4.419,0.078,2018A+A...620A..77L,8.90E-05,0.00021,0.00021,0.82632284,0.82632284,0.112214723,0.112214723,,,0.25394522,0.25394522,,,27,27,0.017,0.017,0.053,0.053,0.053,0.053,0.02,0.02,0.112214723,0.82632284,6.535947712,12.62135922,0.25394522,1.033210807,0.146853142,0.146853142,0.146853142,,0.053,0.017,27,G,bare rocky,"(0.5, 1.6)","(0.1, 0.2)","(0.1, 0.2)",,
K2-291 b,K2-291,2.225177,0.03261,6.483456129,1.591204772,,1.215309269,,5520,0.934,0.899,4.5,0.08,2019AJ....157..116K,6.70E-05,0.00044,0.00044,1.144139317,1.144139317,0.095382515,0.071817423,,,0.344639942,0.272084165,,,60,60,0.038,0.038,0.035,0.033,0.05,0.05,0.04,0.04,0.083599969,1.144139317,5.253878702,17.64705882,0.308362053,0.96010535,0.176779859,0.176779859,0.176779859,,0.034,0.038,60,G,bare rocky,"(0.3, 1.1)","(0.0, 0.1)","(0.1, 0.1)",,
K2-314 b,K2-314,3.5951,0.047,8.739953115,1.95253618,,0.874297116,1616,5430,1.05,1.71,3.99,0.2,2020A+A...636A..89H,0.0003,0.005,0.007,1.080576021,1.080576021,0.089771778,0.078550306,,,0.163250499,0.141483766,149,79,85,85,0.05,0.05,0.04,0.04,0.03,0.03,0.05,0.05,0.084161042,1.080576021,4.310344828,12.36363636,0.152367132,1.086768821,0.142295592,0.142295592,0.142295592,114,0.04,0.05,85,G,bare rocky,"(4.3, 9.8)","(1.1, 3.4)","(0.8, 0.9)",,
K2-314 c,K2-314,15.624,0.13,14.65133958,3.669421441,,0.221295121,990,5430,1.05,1.71,3.99,0.2,2020A+A...636A..89H,0.001,0.01,0.02,1.843335566,1.875117214,0.168322084,0.134657668,,,0.041719572,0.039905677,92,49,85,85,0.05,0.05,0.04,0.04,0.03,0.03,0.05,0.05,0.151489876,1.85922639,4.128440367,12.68980477,0.040812625,1.776215322,0.237026711,0.237026711,0.237026711,70.5,0.04,0.05,85,G,gas-rich,"(39.2, 13.1)","(50.8, 11.0)","(54.0, 7.4)",,
K2-314 d,K2-314,35.747,0.22,10.17012726,3.949958248,,0.125158716,752,5430,1.05,1.71,3.99,0.2,2020A+A...636A..89H,0.005,0.02,0.04,2.447186872,2.415405224,0.134657668,0.123436195,,,0.034463994,0.030836205,69,37,85,85,0.05,0.05,0.04,0.04,0.03,0.03,0.05,0.05,0.129046931,2.431296048,3.267045455,23.90625,0.0326501,2.110289947,0.509180375,0.509180375,0.509180375,53,0.04,0.05,85,G,gas-rich,"(61.8, 9.8)","(84.5, 9.1)","(85.7, 11.6)",,
Kepler-10 b,Kepler-010,0.8374907,0.01685,3.71845278,1.471135018,15.1,0.883366588,2169,5708,0.91,1.065,4.344,-0.15,2016ApJ...819...83W,2.00E-07,0.00013,0.00013,0.41316142,0.41316142,0.030297975,0.02019865,2.2,2.3,0.097950299,0.097950299,96,44,28,28,0.021,0.021,0.009,0.009,0.004,0.004,0.04,0.04,0.025248313,0.41316142,1.71624714,11.11111111,0.097950299,1.031574429,0.115978649,0.115978649,0.115978649,70,0.009,0.021,28,G,bare rocky,"(0.0, 0.0)","(0.0, 0.0)","(0.0, 0.0)",,
Kepler-10 c,Kepler-010,45.294262,0.241,7.373342264,2.353142741,,0.42989298,584,5708,0.91,1.065,4.344,-0.15,2017MNRAS.471L.125R,3.80E-05,0.0019,0.0019,1.334829203,1.175920965,0.089771778,0.0403973,,,0.085253038,0.074369672,50,17,28,28,0.021,0.021,0.009,0.009,0.004,0.004,0.04,0.04,0.065084539,1.255375084,2.765855985,17.02586207,0.079811355,1.371337594,0.236542792,0.236542792,0.236542792,33.5,0.009,0.021,28,G,gas-rich,"(58.3, 11.3)","(85.2, 17.4)","(82.8, 27.5)",,
Kepler-11 d,Kepler-011,22.6845,0.159,7.309778969,3.113958562,,0.181389443,,5663,0.961,1.053,4.3755,0.002,2013ApJ...770..131L,0.00021,0.005,0.005,0.794541192,1.493737441,0.02019865,0.02019865,,,0.019952839,0.038091783,,,55,67,0.027,0.024,0.013,0.015,0.0086,0.0101,0.04,0.04,0.02019865,1.144139317,0.648648649,15.65217391,0.029022311,1.818968571,0.284952497,0.284952497,0.284952497,,0.014,0.0255,61,G,gas-rich,"(52.1, 7.7)","(63.8, 17.9)","(69.3, 12.6)",,
Kepler-19 b,Kepler-019,9.2869944,0.084580853,8.39035499,2.21175219,,0.775480601,,5544,0.936,0.85,4.54,-0.08,2017AJ....153..224M,8.80E-06,0.003614566,0.003614566,1.589082384,1.589082384,0.048252331,0.048252331,,,0.147842518,0.147842518,,,20,20,0.04,0.04,0.018,0.018,0.02,0.02,0.02,0.02,0.048252331,1.589082384,2.181633688,18.93939394,0.147842518,1.244704056,0.23729824,0.23729824,0.23729824,,0.018,0.04,20,G,bare water,"(38.3, 30.6)","(24.3, 21.7)","(32.1, 23.5)",,
Kepler-20 b,Kepler-020,3.6961153,0.0463,9.693402545,1.870619432,,1.124614547,1105,5495,0.948,0.964,4.446,0.07,2016AJ....152..160B,1.00E-06,0.0009,0.0015,1.398392498,1.430174146,0.066206687,0.033664417,,,0.199528387,0.181389443,37,37,50,50,0.051,0.051,0.018,0.018,0.01,0.01,0.08,0.08,0.049935552,1.414283322,2.669466107,14.59016393,0.190458915,1.012442201,0.150169082,0.150169082,0.150169082,37,0.018,0.051,50,G,bare rocky,"(9.6, 16.0)","(1.9, 6.0)","(1.1, 1.0)",,
Kepler-20 c,Kepler-020,10.8540909,0.0949,12.74444072,3.04999617,,0.344639942,772,5495,0.948,0.964,4.446,0.07,2016AJ....152..160B,2.80E-06,0.0027,0.0023,2.161152043,2.224715338,0.063962392,0.056107361,,,0.072555777,0.072555777,26,26,50,50,0.051,0.051,0.018,0.018,0.01,0.01,0.08,0.08,0.060034877,2.192933691,1.968359088,17.20698254,0.072555777,1.533076927,0.265516658,0.265516658,0.265516658,26,0.018,0.051,50,G,gas-rich,"(33.7, 16.4)","(39.0, 19.5)","(44.3, 19.8)",,
Kepler-23 b,Kepler-023,7.107163,0.074176629,2.574313463,1.639457102,,0.5841996,,5828,1.078,1.548,4.091,-0.05,2023A+A...669A.117L,7.50E-05,0.005298331,0.005298331,0.444943068,0.41316142,0.047130184,0.047130184,,,0.098804359,0.098804359,,,100,100,0.077,0.077,0.048,0.048,0.057,0.057,0.1,0.1,0.047130184,0.429052244,2.874743326,16.66666667,0.098804359,1.269727373,0.214746122,0.214746122,0.214746122,,0.048,0.077,100,G,bare water,"(18.1, 21.8)","(18.0, 17.5)","(17.7, 9.7)",,
Kepler-23 c,Kepler-023,10.742371,0.097694401,7.818285332,3.008476723,,0.287125358,,5828,1.078,1.548,4.091,-0.05,2023A+A...669A.117L,3.70E-05,0.006978172,0.006978172,1.334829203,1.207702612,0.074061717,0.074061717,,,0.047219089,0.047219089,,,100,100,0.077,0.077,0.048,0.048,0.057,0.057,0.1,0.1,0.074061717,1.271265908,2.461767997,16.2601626,0.047219089,1.725699466,0.283799234,0.283799234,0.283799234,,0.048,0.077,100,G,gas-rich,"(32.3, 10.6)","(39.8, 14.8)","(42.9, 4.8)",,
Kepler-24 b,Kepler-024,8.145207,0.08077929,11.12357669,2.350898446,,0.856136172,,5897,1.06,1.099,4.2,-0.37,2023A+A...669A.117L,5.90E-05,0.005258275,0.005258275,2.256496986,1.938680509,0.092016073,0.090893926,,,0.16484248,0.16484248,,,219,219,0.069,0.069,0.039,0.039,0.15,0.15,0.1,0.1,0.091454999,2.097588747,3.890214797,18.85714286,0.16484248,1.225928376,0.236043144,0.236043144,0.236043144,,0.039,0.069,219,G,gas-rich,"(29.2, 28.8)","(22.8, 23.3)","(24.3, 19.7)",,
Kepler-24 c,Kepler-024,12.33336,0.106517153,9.979437374,2.516976236,,0.625847773,,5897,1.06,1.099,4.2,-0.37,2023A+A...669A.117L,0.000119,0.006933664,0.006933664,2.002243804,1.65264568,0.097626809,0.097626809,,,0.117148548,0.117148548,,,219,219,0.069,0.069,0.039,0.039,0.15,0.15,0.1,0.1,0.097626809,1.827444742,3.878733839,18.31210191,0.117148548,1.351607058,0.25299891,0.25299891,0.25299891,,0.039,0.069,219,G,gas-rich,"(34.4, 24.8)","(31.7, 19.6)","(43.0, 18.4)",,
Kepler-30 b,Kepler-030,29.2187,0.18479,9.184896182,3.759193219,,0.130600399,,5498,0.99,0.95,4.77,0.18,2018MNRAS.478.2480P,0.0009,4.00E-05,4.00E-05,0.095344943,0.095344943,0.179543557,0.179543557,,,0.019952839,0.019952839,,,54,54,0.08,0.08,0.12,0.12,0.23,0.23,0.27,0.27,0.179543557,0.095344943,4.776119403,1.038062284,0.019952839,2.064449721,0.100902585,0.100902585,0.100902585,,0.12,0.08,54,G,gas-rich,"(59.7, 5.3)","(80.5, 5.9)","(83.0, 2.9)",,
Kepler-33 e,Kepler-033,31.7852,0.212,6.610582719,3.545985246,,0.108833666,,5947,1.26,1.66,,0.14,2022AJ....164..242S,0.0002,0.001,0.004,1.112357669,0.985231078,0.089771778,0.089771778,,,0.018138944,0.018138944,,,60,60,0.03,0.06,0.03,0.03,,,0.04,0.04,0.089771778,1.048794374,2.53164557,15.86538462,0.018138944,2.128386556,0.341948771,0.341948771,0.341948771,,0.03,0.045,60,G,gas-rich,"(61.3, 8.8)","(81.7, 8.1)","(85.3, 3.6)",,
Kepler-33 f,Kepler-033,41.0274,0.252,8.199665104,3.961179721,,0.090694722,,5947,1.26,1.66,,0.14,2022AJ....164..242S,0.0002,0.002,0.004,1.589082384,1.207702612,0.089771778,0.089771778,,,0.018138944,0.018138944,,,60,60,0.03,0.06,0.03,0.03,,,0.04,0.04,0.089771778,1.398392498,2.266288952,17.05426357,0.018138944,2.243120601,0.385910611,0.385910611,0.385910611,,0.03,0.045,60,G,gas-rich,"(64.0, 8.4)","(88.0, 6.9)","(88.8, 4.2)",,
Kepler-36 b,Kepler-036,13.83989,0.1153,4.322304086,1.491333668,18.3,1.01940867,978,5911,1.071,1.626,4.045,-0.2,2012Sci...337..556C,0.00071,0.0015,0.0015,0.190689886,0.190689886,0.034786564,0.034786564,1.7,1.3,0.101578088,0.079811355,11,11,66,66,0.043,0.043,0.019,0.019,0.009,0.009,0.06,0.06,0.034786564,0.190689886,2.332580888,4.411764706,0.090694722,1.004060476,0.050107146,0.050107146,0.050107146,11,0.019,0.043,66,G,bare rocky,"(5.4, 10.7)","(3.6, 8.7)","(5.8, 9.7)",,
Kepler-36 c,Kepler-036,16.23855,0.1283,7.850066979,3.684009355,5.62,0.121530927,928,5911,1.071,1.626,4.045,-0.2,2012ApJ...755L..21D,0.00046,0.0016,0.0016,0.349598125,0.349598125,0.056107361,0.056107361,0.42,0.28,0.009069472,0.007255578,10,10,66,66,0.043,0.043,0.019,0.019,0.009,0.009,0.06,0.06,0.056107361,0.349598125,1.522997259,4.453441296,0.008162525,2.110877637,0.09935186,0.09935186,0.09935186,10,0.019,0.043,66,G,gas-rich,"(45.2, 7.6)","(56.7, 10.7)","(60.9, 5.2)",,
Kepler-60 b,Kepler-060,7.13285,0.07555437,5.243971869,1.890818082,,0.775730939,,6024,1.131,1.434,,0.02,2023A+A...669A.117L,0.0001,0.005477859,0.005477859,0.444943068,0.444943068,0.061718098,0.06059595,,,0.070439673,0.070439673,,,113,113,0.082,0.082,0.039,0.039,,,0.03,0.03,0.061157024,0.444943068,3.234421365,8.484848485,0.070439673,1.208222582,0.109711757,0.109711757,0.109711757,,0.039,0.082,113,G,bare water,"(33.2, 30.5)","(25.8, 25.7)","(23.4, 15.9)",,
Kepler-60 c,Kepler-060,8.91888,0.087691549,3.84557937,2.051285136,,0.445536902,,6024,1.131,1.434,,0.02,2023A+A...669A.117L,7.00E-05,0.006357831,0.006357831,0.381379772,0.41316142,0.066206687,0.066206687,,,0.048220611,0.048220611,,,113,113,0.082,0.082,0.039,0.039,,,0.03,0.03,0.066206687,0.397270596,3.227571116,10.33057851,0.048220611,1.425372104,0.154268509,0.154268509,0.154268509,,0.039,0.082,113,G,gas-rich,"(22.9, 16.9)","(28.8, 17.9)","(33.0, 9.4)",,
Kepler-60 d,Kepler-060,11.89889,0.106272727,4.385867381,2.513609794,,0.276160726,,6024,1.131,1.434,,0.02,2023A+A...669A.117L,0.0002,0.007705008,0.007705008,0.444943068,0.444943068,0.09313822,0.092016073,,,0.029805446,0.029805446,,,113,113,0.082,0.082,0.039,0.039,,,0.03,0.03,0.092577146,0.444943068,3.683035714,10.14492754,0.029805446,1.685657541,0.181929471,0.181929471,0.181929471,,0.039,0.082,113,G,gas-rich,"(34.2, 13.1)","(39.9, 9.0)","(45.7, 4.5)",,
Kepler-65 d,Kepler-065,8.13167,0.084,4.1316142,1.526120232,,0.779974605,,6211,1.248,1.437,4.232,0.17,2019AJ....157..145M,0.00023,0.006,0.002,0.953449431,0.953449431,0.044885889,0.044885889,,,0.163250499,0.163250499,,,66,66,0.018,0.021,0.032,0.027,0.006,0.006,0.06,0.06,0.044885889,0.953449431,2.941176471,23.07692308,0.163250499,1.040087545,0.241961764,0.241961764,0.241961764,,0.0295,0.0195,66,G,bare rocky,"(22.4, 25.4)","(21.9, 23.2)","(17.5, 15.1)",,
Kepler-93 b,Kepler-093,4.72673978,0.053,4.004487609,1.480112196,18.2,0.94141121,1037,5669,0.919,0.911,4.47,-0.18,2015ApJ...800..135D,9.70E-07,0.002,0.002,0.667414601,0.667414601,0.019076503,0.019076503,3.2,2.7,0.161436604,0.161436604,13,13,75,75,0.011,0.011,0.033,0.033,0.004,0.004,0.1,0.1,0.019076503,0.667414601,1.288855193,16.66666667,0.161436604,1.017288439,0.170054277,0.170054277,0.170054277,13,0.033,0.011,75,G,bare rocky,"(7.3, 15.1)","(3.5, 8.0)","(2.6, 2.2)",,
Kepler-95 b,Kepler-095,11.5230758,0.102435428,13.03047555,3.42254905,,0.233992382,,5699,1.08,1.41,4.171,0.3,2014ApJS..210...20M,9.10E-07,0.00758781,0.00758781,2.860348292,2.860348292,0.089771778,0.089771778,,,0.050789044,0.050789044,,,74,74,0.08,0.08,0.04,0.04,0.04,0.04,0.1,0.1,0.089771778,2.860348292,2.62295082,21.95121951,0.050789044,1.710051023,0.378047346,0.378047346,0.378047346,,0.04,0.08,74,G,gas-rich,"(35.9, 19.5)","(37.3, 16.5)","(43.9, 15.2)",,
Kepler-105 c,Kepler-105,7.125939,0.071515337,4.608338915,1.312912259,,1.523671322,,5827,0.961,0.894,,0.011,2016ApJ...820...39J,1.70E-05,0.003423211,0.003423211,0.921667783,0.889886135,0.067328834,0.067328834,,,0.417195719,0.344639942,,,94,94,0.046,0.046,0.044,0.044,,,0.003,0.003,0.067328834,0.905776959,5.128205128,19.65517241,0.380917831,0.868759119,0.176472392,0.176472392,0.176472392,,0.044,0.046,94,G,bare rocky,"(8.0, 15.6)","(7.2, 11.8)","(7.5, 5.5)",,
Kepler-107 c,Kepler-107,4.901452,0.06064,9.375586068,1.599059802,,1.72319971,1379,5854,1.238,1.447,4.21,0.321,2019NatAs...3..416B,1.00E-05,0.00047,0.00047,1.779772271,1.779772271,0.025809386,0.025809386,,,0.326500998,0.326500998,17,17,61,61,0.029,0.029,0.014,0.014,0.013,0.013,0.065,0.065,0.025809386,1.779772271,1.614035088,18.98305085,0.326500998,0.873297926,0.166376739,0.166376739,0.166376739,17,0.014,0.029,61,G,bare rocky,"(4.0, 11.8)","(3.4, 9.8)","(2.2, 2.1)",,
Kepler-128 b,Kepler-128,15.090015,0.127,3.782016075,1.422882687,,1.312852952,970,6072,1.184,1.659,4.071,-0.09,2023A+A...669A.117L,0.000233,0.004,0.004,0.762759545,0.667414601,0.0403973,0.0403973,,,0.251011347,0.251011347,64,64,75,75,0.074,0.074,0.038,0.038,0.047,0.047,0.1,0.1,0.0403973,0.715087073,2.839116719,18.90756303,0.251011347,0.993179264,0.189891232,0.189891232,0.189891232,64,0.038,0.074,75,G,bare rocky,"(27.1, 29.1)","(32.8, 35.2)","(28.3, 23.2)",,
Kepler-128 c,Kepler-128,22.802603,0.167,3.368854655,1.522753791,,0.954098486,843,6072,1.184,1.659,4.071,-0.09,2023A+A...669A.117L,0.000338,0.005,0.005,0.667414601,0.603851306,0.047130184,0.047130184,,,0.182424526,0.182424526,54,54,75,75,0.074,0.074,0.038,0.038,0.047,0.047,0.1,0.1,0.047130184,0.635632954,3.095062638,18.86792453,0.182424526,1.096647145,0.209679963,0.209679963,0.209679963,54,0.038,0.074,75,G,bare rocky,"(34.5, 30.8)","(35.8, 37.4)","(45.5, 32.2)",,
Kepler-223 b,Kepler-223,7.38449,0.077184098,7.405123912,2.996133103,,0.210411754,,5821,1.125,1.72,4.07,-0.06,2016Natur.533..509M,0.00022,0.006449161,0.006449161,1.303047555,1.112357669,0.179543557,0.269315335,,,0.085253038,0.047342645,,,123,123,0.094,0.094,0.07,0.14,0.096,0.096,0.047,0.047,0.224429446,1.207702612,7.490636704,16.30901288,0.066297841,1.744023631,0.312999304,0.312999304,0.312999304,,0.105,0.094,123,G,gas-rich,"(23.0, 12.9)","(21.5, 13.9)","(26.7, 10.4)",,
Kepler-289 c,Kepler-289,66.0282,0.33,5.339316812,3.02979752,,0.155994921,,5990,1.08,1,4.47,0.065,2023AJ....165...48G,0.000821209,0.02,0.02,0.444943068,0.41316142,0.078550306,0.078550306,,,0.012697261,0.012697261,,,38,38,0.02,0.02,0.02,0.02,0.01,0.01,0.04,0.04,0.078550306,0.429052244,2.592592593,8.035714286,0.012697261,1.926619056,0.162675846,0.162675846,0.162675846,,0.02,0.02,38,G,gas-rich,"(66.3, 6.0)","(93.7, 3.0)","(89.8, 5.4)",,
Kepler-307 b,Kepler-307,10.415728,0.090349449,7.436905559,2.435059488,,0.51506678,,5367,0.907,0.814,,0.028,2016ApJ...820...39J,1.80E-05,0.003386859,0.003386859,0.921667783,0.858104488,0.089771778,0.089771778,,,0.064490792,0.064490792,,,94,94,0.034,0.034,0.024,0.024,,,0.017,0.017,0.089771778,0.889886135,3.686635945,11.96581197,0.064490792,1.415787756,0.177268806,0.177268806,0.177268806,,0.024,0.034,94,G,gas-rich,"(38.9, 27.5)","(32.6, 15.5)","(42.7, 16.9)",,
Kepler-307 c,Kepler-307,13.084194,0.105187404,3.654889484,2.19940857,,0.343523546,,5367,0.907,0.814,,0.028,2016ApJ...820...39J,3.30E-05,0.003943078,0.003943078,0.667414601,0.572069658,0.067328834,0.067328834,,,0.059191283,0.059191283,,,94,94,0.034,0.034,0.024,0.024,,,0.017,0.017,0.067328834,0.61974213,3.06122449,16.95652174,0.059191283,1.549450611,0.266980153,0.266980153,0.266980153,,0.024,0.034,94,G,gas-rich,"(33.1, 18.5)","(40.7, 17.1)","(47.6, 4.6)",,
Kepler-406 b,Kepler-406,2.4263068,0.036142794,6.356329538,1.436348454,,1.616179938,,5538,1.07,1.07,4.409,0.18,2014ApJS..210...20M,1.30E-06,0.002026699,0.002026699,1.271265908,1.271265908,0.033664417,0.033664417,,,0.370034464,0.370034464,,,74,74,0.06,0.06,0.02,0.02,0.02,0.02,0.07,0.07,0.033664417,1.271265908,2.34375,20,0.370034464,0.871318628,0.17545622,0.17545622,0.17545622,,0.02,0.06,74,G,bare rocky,"(0.1, 0.4)","(0.0, 0.8)","(0.2, 0.2)",,
Kepler-454 b,Kepler-454,10.5737534,0.0954,6.801272605,2.367730655,,0.512381324,,5687,1.028,1.066,4.395,0.32,2016ApJ...816...95G,7.80E-06,0.0012,0.0012,1.398392498,1.398392498,0.134657668,0.134657668,,,0.109305316,0.109305316,,,50,50,0.04,0.03,0.012,0.012,0.077,0.055,0.08,0.08,0.134657668,1.398392498,5.687203791,20.56074766,0.109305316,1.410288366,0.300854088,0.300854088,0.300854088,,0.012,0.035,50,G,gas-rich,"(29.7, 24.2)","(36.8, 22.5)","(36.4, 17.5)",,
Kepler-538 b,Kepler-538,81.73798,0.4669,10.58328868,2.217362926,,0.743696717,380,5547,0.892,0.8717,4.51,-0.03,2019AJ....158..165M,7.30E-05,0.0087,0.009,2.510750167,2.383623577,0.0403973,0.033664417,,,0.181389443,0.181389443,,,50,50,0.051,0.035,0.0064,0.0061,0.1,0.1,0.08,0.08,0.037030859,2.447186872,1.670040486,23.12312312,0.181389443,1.171958637,0.271699308,0.271699308,0.271699308,,0.00625,0.043,50,G,gas-rich,"(54.7, 18.0)","(87.5, 17.5)","(91.8, 13.2)",,
Kepler-1705 b,Kepler-1705,9.03502,0.088659235,4.481212324,2.031086486,,0.406312353,,6312,1.139,1.259,4.298,-0.2,2021A+A...655A..66L,0.00065,0.006538524,0.006538524,0.476724715,0.444943068,0.123436195,0.134657668,,,0.090694722,0.074369672,,,215,152,0.087,0.081,0.032,0.051,0.043,0.047,0.15,0.15,0.129046931,0.460833891,6.35359116,10.28368794,0.082532197,1.354177435,0.163694433,0.163694433,0.163694433,,0.0415,0.084,183.5,G,gas-rich,"(26.5, 22.3)","(32.2, 22.2)","(30.6, 9.9)",,
Kepler-1705 c,Kepler-1705,11.28,0.102796256,5.402880107,2.05352943,,0.480682024,,6312,1.139,1.259,4.298,-0.2,2021A+A...655A..66L,0.001,0.007581117,0.007581117,0.603851306,0.476724715,0.14587914,0.14587914,,,0.112461455,0.090694722,,,215,152,0.087,0.081,0.032,0.051,0.043,0.047,0.15,0.15,0.14587914,0.540288011,7.103825137,10,0.101578088,1.301649588,0.159665419,0.159665419,0.159665419,,0.0415,0.084,183.5,G,bare water,"(46.0, 29.2)","(34.8, 23.7)","(47.1, 23.5)",,
TOI-125 b,TOI-125,4.65382,0.05186,9.502712659,2.729062062,13.5,0.35189552,1037,5320,0.859,0.848,4.516,-0.02,2020MNRAS.492.5399N,0.00032,0.00086,0.00087,0.889886135,0.889886135,0.075183864,0.075183864,1.4,1.3,0.045347361,0.045347361,11,11,39,39,0.044,0.038,0.011,0.011,0.024,0.024,0.03,0.03,0.075183864,0.889886135,2.754934211,9.364548495,0.045347361,1.485013076,0.144957687,0.144957687,0.144957687,11,0.011,0.041,39,G,gas-rich,"(7.2, 13.4)","(4.2, 7.5)","(5.8, 2.6)",,
TOI-125 c,TOI-125,9.15059,0.0814,6.642364367,2.760482185,8.5,0.235806276,828,5320,0.859,0.848,4.516,-0.02,2020MNRAS.492.5399N,0.00076,0.0013,0.0013,0.985231078,0.985231078,0.100993251,0.100993251,1.4,1.4,0.045347361,0.045347361,9,9,39,39,0.044,0.038,0.011,0.011,0.024,0.024,0.03,0.03,0.100993251,0.985231078,3.658536585,14.83253589,0.045347361,1.654762124,0.252799245,0.252799245,0.252799245,9,0.011,0.041,39,G,gas-rich,"(26.2, 9.9)","(31.9, 14.5)","(36.0, 6.0)",,
TOI-125 d,TOI-125,19.98,0.137,13.60254521,2.928804269,15.6,0.408126247,638,5320,0.859,0.848,4.516,-0.02,2020MNRAS.492.5399N,0.002556715,0.0022,0.0022,1.207702612,1.207702612,0.168322084,0.168322084,2.5,2.1,0.088880827,0.070741883,7,7,39,39,0.044,0.038,0.011,0.011,0.024,0.024,0.03,0.03,0.168322084,1.207702612,5.747126437,8.878504673,0.079811355,1.446460296,0.152981423,0.152981423,0.152981423,7,0.011,0.041,39,G,gas-rich,"(42.8, 17.7)","(54.3, 15.1)","(66.3, 13.2)",,
TOI-130 b,TOI-130,14.33916,0.12,7.786503684,2.457502433,12.6,0.399056775,943,6203,1.126,1.194,4.5,-0.12,2021A+A...648A..75S,5.00E-05,0.001,0.001,1.398392498,1.303047555,0.044885889,0.044885889,2.4,2.3,0.072555777,0.072555777,12,12,64,64,0.035,0.036,0.016,0.017,0.11,0.11,0.04,0.04,0.044885889,1.350720027,1.826484018,17.34693878,0.072555777,1.411206538,0.246154362,0.246154362,0.246154362,12,0.0165,0.0355,64,G,gas-rich,"(36.0, 26.0)","(38.8, 23.1)","(43.8, 17.1)",,
TOI-132 b,TOI-132,2.1097008,0.026,22.78744139,3.433770523,,0.424451297,1384,5397,0.97,0.9,4.48,0.16,2020MNRAS.493..973D,1.20E-06,0.002,0.003,1.811553918,1.811553918,0.134657668,0.134657668,,,0.059858516,0.061672411,53,75,46,46,0.06,0.06,0.02,0.02,0.23,0.23,0.1,0.1,0.134657668,1.811553918,3.921568627,7.949790795,0.060765463,1.475117179,0.130760526,0.130760526,0.130760526,64,0.02,0.06,46,G,gas-rich,"(0.1, 0.4)","(0.0, 0.1)","(0.1, 0.1)",,
TOI-220 b,TOI-220,10.695264,0.0892,13.7932351,3.02979752,,0.373662253,805,5298,0.825,0.858,4.37,-0.19,2021MNRAS.505.3361H,8.60E-05,0.001,0.001,0.985231078,0.985231078,0.14587914,0.14587914,,,0.063486305,0.063486305,21,21,65,65,0.028,0.028,0.032,0.032,0.11,0.11,0.05,0.05,0.14587914,0.985231078,4.814814815,7.142857143,0.063486305,1.490718807,0.128412122,0.128412122,0.128412122,21,0.032,0.028,65,G,gas-rich,"(26.9, 11.3)","(33.7, 12.6)","(41.8, 8.8)",,
TOI-421 c,TOI-421,5.19676,0.0557,7.055525787,2.726817768,,0.263014693,1015,5325,0.852,0.871,4.486,-0.02,2020AJ....160..114C,0.00049,0.0012,0.0013,0.699196249,0.699196249,0.190765029,0.190765029,,,0.067114094,0.052602939,18,18,78,58,0.029,0.021,0.012,0.012,0.025,0.018,0.05,0.05,0.190765029,0.699196249,6.995884774,9.90990991,0.059858516,1.608139981,0.195075214,0.195075214,0.195075214,18,0.012,0.025,68,G,gas-rich,"(7.8, 6.1)","(6.8, 6.3)","(9.3, 3.5)",,
TOI-561 b,TOI-561,0.4465688,0.0106,2.224715338,1.426249129,,0.518773807,2310,5372,0.806,0.843,4.47,-0.4,2022MNRAS.511.4551L,8.00E-07,0.0001,0.0001,0.190689886,0.190689886,0.037030859,0.037030859,,,0.074369672,0.074369672,33,33,70,70,0.036,0.036,0.005,0.005,0.01,0.01,0.05,0.05,0.037030859,0.190689886,2.596380803,8.571428571,0.074369672,1.149046047,0.102908978,0.102908978,0.102908978,33,0.005,0.036,70,G,bare rocky,"(0.0, 0.0)","(0.0, 0.0)","(0.0, 0.0)",,
TOI-561 c,TOI-561,10.778831,0.0884,6.578801072,2.917582797,,0.165064393,800,5372,0.806,0.843,4.47,-0.4,2022MNRAS.511.4551L,3.50E-05,0.0009,0.0009,0.730977897,0.730977897,0.033664417,0.033664417,,,0.021766733,0.021766733,11,11,70,70,0.036,0.036,0.005,0.005,0.01,0.01,0.05,0.05,0.033664417,0.730977897,1.153846154,11.11111111,0.021766733,1.753486575,0.19587956,0.19587956,0.19587956,11,0.005,0.036,70,G,gas-rich,"(31.8, 10.2)","(38.5, 10.4)","(43.5, 4.6)",,
TOI-561 d,TOI-561,25.7124,0.158,12.14058942,2.827811019,,0.442590241,598,5372,0.806,0.843,4.47,-0.4,2022MNRAS.511.4551L,0.0002,0.002,0.002,1.112357669,1.112357669,0.067328834,0.067328834,,,0.045347361,0.045347361,9,9,70,70,0.036,0.036,0.005,0.005,0.01,0.01,0.05,0.05,0.067328834,1.112357669,2.380952381,9.162303665,0.045347361,1.440166174,0.136334944,0.136334944,0.136334944,9,0.005,0.036,70,G,gas-rich,"(50.1, 18.3)","(69.1, 13.9)","(76.1, 6.7)",,
TOI-561 e,TOI-561,77.03,0.328,13.60254521,2.547274211,,0.571376746,415,5372,0.806,0.843,4.47,-0.4,2022MNRAS.511.4551L,0.296666667,0.003,0.003,1.398392498,1.398392498,0.123436195,0.134657668,,,0.105205877,0.105205877,6,6,70,70,0.036,0.036,0.005,0.005,0.01,0.01,0.05,0.05,0.129046931,1.398392498,5.066079295,10.28037383,0.105205877,1.258032518,0.144181309,0.144181309,0.144181309,6,0.005,0.036,70,G,gas-rich,"(52.2, 14.3)","(89.0, 16.7)","(80.5, 30.7)",,
TOI-849 b,TOI-849,0.765524,0.01598,40.68050904,3.456213467,,0.761835661,,5375,0.929,0.919,4.48,0.19,2020Natur.583...39A,2.70E-06,0.00013,0.00013,2.542531815,2.542531815,0.168322084,0.123436195,,,0.108833666,0.108833666,,,42,41,0.023,0.023,0.31,0.022,0.03,0.04,0.03,0.03,0.14587914,2.542531815,4.220779221,6.25,0.108833666,1.269495795,0.095741765,0.095741765,0.095741765,,0.166,0.023,41.5,G,gas-rich,"(0.0, 0.0)","(0.0, 0.0)","(0.0, 0.0)",,
TOI-1062 b,TOI-1062,4.11412,0.052,10.17012726,2.266737404,,0.663885362,1077,5328,0.94,0.84,4.55,0.14,2021A+A...653A.105O,0.000755655,0.023,0.025,0.82632284,0.858104488,0.095382515,0.090893926,,,0.116089244,0.101578088,10,9,56,56,0.02,0.02,0.09,0.09,0.09,0.09,0.04,0.04,0.09313822,0.842213664,4.108910891,8.28125,0.108833666,1.211018663,0.111953583,0.111953583,0.111953583,9.5,0.09,0.02,56,G,gas-rich,"(16.5, 20.9)","(4.7, 10.0)","(2.6, 1.7)",,
TOI-1422 b,TOI-1422,12.9972,0.108,8.994206296,3.961179721,5.6,0.108833666,867,5840,0.981,1.019,4.41,-0.09,2022A+A...667A...8N,0.0006,0.003,0.003,2.288278634,2.002243804,0.134657668,0.112214723,1.1,1.5,0.038091783,0.0326501,17,17,62,62,0.062,0.065,0.014,0.013,0.11,0.11,0.07,0.07,0.123436195,2.145261219,3.116147309,23.85159011,0.035370941,2.187745258,0.526246524,0.526246524,0.526246524,17,0.0135,0.0635,62,G,gas-rich,"(45.5, 20.1)","(51.4, 23.6)","(49.2, 10.9)",,
TOI-1444 b,TOI-1444,0.4702694,0.011568492,3.84557937,1.398195448,,1.406883472,,5430,0.934,0.907,4.49,0.13,2021AJ....162...62D,4.40E-06,0.000470667,0.000470667,0.699196249,0.699196249,0.063962392,0.063962392,,,0.26376939,0.26376939,,,90,90,0.038,0.038,0.016,0.016,0.03,0.03,0.06,0.06,0.063962392,0.699196249,4.574638844,18.18181818,0.26376939,0.971561073,0.182153019,0.182153019,0.182153019,,0.016,0.038,90,G,bare rocky,"(0.0, 0.0)","(0.0, 0.0)","(0.0, 0.0)",,
TOI-2000 b,TOI-2000,3.098331,0.0426,10.29725385,2.648267462,,0.419009614,1475,5607,1.074,1.113,4.576,0.438,arXiv:2209.14396,2.00E-05,0.00076,0.00067,2.224715338,2.224715338,0.112214723,0.123436195,,,0.114275349,0.097950299,120,158,86,82,0.059,0.05,0.011,0.011,0.026,0.023,0.041,0.042,0.117825459,2.224715338,4.449152542,21.60493827,0.106112824,1.41011117,0.311046462,0.311046462,0.311046462,139,0.011,0.0545,84,G,gas-rich,"(4.5, 8.7)","(0.4, 1.0)","(0.9, 0.7)",,
WASP-47 c,WASP-047,0.7895933,0.01688,8.994206296,1.810023481,20.5,0.85978596,,5576,1.058,1.156,4.3437,0.36,arXiv:2302.01352,4.40E-06,0.00017,0.00017,0.508506363,0.508506363,0.025809386,0.025809386,2,2,0.081625249,0.081625249,,,67,67,0.047,0.047,0.009,0.009,0.0063,0.0063,0.05,0.05,0.025809386,0.508506363,1.425914445,5.653710247,0.081625249,0.999669434,0.058288248,0.058288248,0.058288248,,0.009,0.047,67,G,bare rocky,"(0.0, 0.0)","(0.0, 0.0)","(0.0, 0.0)",,
WASP-47 d,WASP-047,9.03055,0.08609,15.50944407,3.570672485,10.1,0.235806276,,5576,1.058,1.156,4.3437,0.36,arXiv:2302.01352,8.00E-05,0.00087,0.00087,0.794541192,0.794541192,0.044885889,0.044885889,1.1,1.1,0.023580628,0.023580628,,,67,67,0.047,0.047,0.009,0.009,0.0063,0.0063,0.05,0.05,0.044885889,0.794541192,1.257071025,5.12295082,0.023580628,1.702030161,0.089780845,0.089780845,0.089780845,,0.009,0.047,67,G,gas-rich,"(27.4, 8.0)","(31.5, 9.4)","(36.3, 5.0)",,
HD 307842 b,HD 307842,2.7970365,0.038,9.661620898,1.930093235,,1.015780882,,5558,0.91,0.907,4.48,-0.13,2023AJ....166...32H,3.10E-06,0.001,0.001,0.82632284,0.82632284,0.112214723,0.089771778,,,0.199528387,0.163250499,,,100,100,0.1,0.1,0.017,0.017,0.1,0.1,0.08,0.08,0.100993251,0.82632284,5.23255814,8.552631579,0.181389443,1.045559039,0.104831136,0.104831136,0.104831136,,0.017,0.1,100,G,bare rocky,"(2.3, 4.8)","(0.2, 0.8)","(0.3, 0.4)"
K2-93 c,K2-093,31.7061,0.2061,4.385867381,2.73018421,,0.163250499,757,6320,1.16,1.273,4.294,-0.1,arXiv:1911.07355,0.0002,0.0024,0.0024,1.112357669,1.112357669,0.06059595,0.06059595,,,0.041719572,0.041719572,7,4,60,30,0.04,0.04,0.015,0.015,0.006,0.006,0.07,0.07,0.06059595,1.112357669,2.219482121,25.36231884,0.041719572,1.830894998,0.466132102,0.466132102,0.466132102,5.5,0.015,0.04,45,G,gas-rich,"(56.6, 12.8)","(75.7, 20.8)","(82.6, 15.2)"
K2-182 b,K2-182,4.7369696,0.0526,20.02243804,2.693153351,,0.761835661,969,5710,0.865,0.793,4.61,0.12,2021AJ....162..294A,1.70E-06,0.0003,0.0003,5.08506363,5.08506363,0.067328834,0.044885889,,,0.199528387,0.199528387,20,20,100,100,0.016,0.018,0.013,0.011,0.1,0.1,0.06,0.06,0.056107361,5.08506363,2.083333333,25.3968254,0.199528387,1.198118415,0.305306108,0.305306108,0.305306108,20,0.012,0.017,100,G,gas-rich,"(13.7, 20.7)","(6.0, 13.0)","(4.8, 2.9)"
TOI-469 b,TOI-469,13.63083,0.107,9.598057602,3.478656412,,0.177761654,777,5289,0.88,0.993,4.39,0.24,arXiv:2308.13310,3.00E-05,0.0016,0.0016,0.794541192,0.794541192,0.067328834,0.078550306,,,0.027208416,0.027208416,18,18,69,69,0.04,0.03,0.035,0.033,0.03,0.03,0.05,0.05,0.07293957,0.794541192,2.096774194,8.278145695,0.027208416,1.887802581,0.161210115,0.161210115,0.161210115,18,0.034,0.035,69,G,gas-rich,"(38.6, 7.6)","(48.8, 10.1)","(53.1, 4.5)"
TOI-469 c,TOI-469,3.53796,0.0436,4.512993972,1.582227594,,0.852530383,1217,5289,0.88,0.993,4.39,0.24,arXiv:2308.13310,3.00E-05,0.0006,0.0007,0.286034829,0.286034829,0.100993251,0.112214723,,,0.235806276,0.181389443,29,29,69,69,0.04,0.03,0.035,0.033,0.03,0.03,0.05,0.05,0.106603987,0.286034829,6.737588652,6.338028169,0.20859786,1.052898698,0.097394952,0.097394952,0.097394952,29,0.034,0.035,69,G,bare rocky,"(6.0, 10.8)","(1.4, 3.9)","(0.9, 0.9)"
TOI-733 b,TOI-733,4.884765,0.0618,5.720696584,1.994055627,17.5,0.544168329,1056,5585,0.956,0.949,4.47,-0.04,2023A+A...674A.117G,2.20E-05,0.0036,0.0039,0.699196249,0.667414601,0.085283189,0.089771778,3.4,3.2,0.105205877,0.090694722,36,31,60,60,0.05,0.026,0.008,0.012,0.05,0.05,0.05,0.05,0.087527484,0.683305425,4.389420371,11.94444444,0.097950299,1.244575784,0.158377716,0.158377716,0.158377716,33.5,0.01,0.038,60,G,bare water,"(15.9, 21.9)","(10.4, 18.3)","(4.6, 3.4)"
TOI-908 b,TOI-908,3.183792,0.0417,16.20864032,3.189142427,,0.375476147,1317,5626,0.95,1.028,4.45,0.08,2023MNRAS.524.3877H,7.00E-06,0.0002,0.0002,4.1316142,4.1316142,0.054985214,0.054985214,,,0.0326501,0.04897515,38,38,61,61,0.01,0.01,0.03,0.03,0.03,0.03,0.04,0.04,0.054985214,4.1316142,1.724137931,25.49019608,0.040812625,1.502157182,0.383777715,0.383777715,0.383777715,38,0.03,0.01,61,G,gas-rich,"(2.8, 8.3)","(0.9, 3.4)","(1.0, 0.8)"
TOI-1054 b,TOI-1054,15.507612,0.1236,7.691158741,3.09039347,7.9,0.195900599,,6088,1.044,1.205,4.32,-0.185,2023A+A...675A.183C,3.80E-05,0.002,0.002,0.985231078,0.985231078,0.058351656,0.05274092,1.3,1.3,0.029022311,0.029022311,,,62,62,0.038,0.044,0.008,0.008,0.02,0.02,0.042,0.042,0.055546288,0.985231078,1.797385621,12.80991736,0.029022311,1.780559706,0.230322523,0.230322523,0.230322523,,0.008,0.041,62,G,gas-rich,"(39.6, 12.4)","(49.4, 9.5)","(56.0, 4.8)"
GJ 3053 b,GJ 3053,24.73694,,6.38,1.635,,1.458371123,378.9,2988,0.191,0.2134,,,Dit17 Men19 Lil20,0.00041,,,0.46,0.44,0.046,0.046,,,0.152367132,0.145111555,4.3,4.2,,,,,,,,,,,0.046,0.45,2.813455657,7.053291536,0.148739343,0.990828875,0.075240686,0.075240686,0.075240686,4.25,0.0041,0.012,67,M,bare rocky,"(17.5, 19.8)","(53.4, 38.8)","(49.3, 33.7)",LHS 1140 b,M4.5 V
GJ 3053 c,GJ 3053,3.777929,,1.76,1.169,,1.10103392,708.9,2988,0.191,0.2134,,,Dit17 Men19 Lil20,3.00E-05,,,0.17,0.16,0.037,0.038,,,0.146925449,0.134228188,8,7.8,,,,,,,,,,,0.0375,0.165,3.207869974,9.375,0.140576818,1.003366822,0.09941996,0.09941996,0.09941996,7.9,0.0041,0.012,67,M,bare rocky,"(4.4, 13.5)","(6.8, 18.7)","(7.1, 9.5)",LHS 1140 c,M4.5 V
LHS 1478 b,LHS 1478,1.9495378,,2.33,1.242,,1.209867586,595,3381,0.236,0.2464,,,Sot21,3.63E-06,,,0.2,0.2,0.051,0.049,,,0.186831126,0.161436604,10,10,,,,,,,,,,,0.05,0.2,4.025764895,8.583690987,0.174133865,0.988180346,0.093687905,0.093687905,0.093687905,10,0.0082,0.012,54,M,bare rocky,"(0.1, 1.8)","(5.4, 20.3)","(11.8, 22.3)",TOI-1640 b,m3 V
TOI-1634 b,TOI-1634,0.9893457,,7.57,1.773,,1.376745873,921,3472,0.452,0.451,,,Clou21 Hir21,3.21E-05,,,0.71,0.72,0.077,0.077,,,0.241247959,0.206783965,21,21,,,,,,,,,,,0.077,0.715,4.342921602,9.445178336,0.224015962,1.025924154,0.106652877,0.106652877,0.106652877,21,0.015,0.014,48,M,bare rocky,"(0.9, 6.5)","(8.1, 25.5)","(50.8, 37.6)",,m2 V
TOI-1685 b,TOI-1685,0.6691425,,3.09,1.7,,0.623979684,1069,3434,0.495,0.492,,,Hir21 Blu21,4.38E-06,,,0.59,0.58,0.07,0.07,,,0.155994921,0.134228188,16,16,,,,,,,,,,,0.07,0.585,4.117647059,18.93203883,0.145111555,1.253221136,0.242807225,0.242807225,0.242807225,16,0.015,0.019,51,M,bare water,"(0.6, 5.7)","(33.0, 45.5)","(87.9, 21.4)",PM J04343+4302 b,m2 V
GJ 3473 b,GJ 3473,1.1980035,,1.86,1.264,,0.912388899,773,3347,0.36,0.36353,,,Kem20,5.20E-06,,,0.3,0.3,0.05,0.049,,,0.194086704,0.168692182,16,15,,,,,,,,,,,0.0495,0.3,3.916139241,16.12903226,0.181389443,1.068822869,0.177399428,0.177399428,0.177399428,15.5,0.01206,0.016,54,M,bare rocky,"(1.1, 6.5)","(18.3, 36.5)","(34.0, 33.9)",TOI-488 b,M4.0 V
L98-59 c,L98-59,3.6904,,2.42,1.34,,0.99038636,517,3412,0.312,0.314,,,Kos19 Clo19,2.50E-06,,,0.35,0.34,0.07,0.07,,,0.223109015,0.190458915,11,11,,,,,,,,,,,0.07,0.345,5.223880597,14.25619835,0.206783965,1.055287796,0.160225955,0.160225955,0.160225955,11,0.014,0.031,49,M,bare rocky,"(8.2, 17.9)","(10.6, 23.2)","(17.7, 17.5)",TOI-175 c,M3 V
L98-59 d,L98-59,7.4513,,2.31,1.58,,0.575004535,409,3412,0.312,0.314,,,Kos19 Clo19,6.00E-06,,,0.46,0.45,0.08,0.08,,,0.154181027,0.132414293,8,8,,,,,,,,,,,0.08,0.455,5.063291139,19.6969697,0.14329766,1.260037815,0.256258216,0.256258216,0.256258216,8,0.014,0.031,49,M,bare water,"(25.9, 23.1)","(23.1, 23.2)","(27.0, 24.8)",TOI-175 d,M3 V
K2-146 b,K2-146,2.6446,,5.77,2.05,,0.669327045,590,3385,0.331,0.33,,,Hir18 Ham19 Lam20,6.00E-05,,,0.18,0.18,0.06,0.06,,,0.038091783,0.038091783,,,,,,,,,,,,,0.06,0.18,2.926829268,3.119584055,0.038091783,1.27652895,0.054605209,0.054605209,0.054605209,,0.01,0.009,70,M,bare water,"(6.2, 12.8)","(19.0, 33.3)","(17.3, 17.3)",2M0840+19 b,M3.0 V
K2-146 c,K2-146,4.00498,,7.49,2.19,,0.711046617,520,3385,0.331,0.33,,,Hir18 Ham19 Lam20,0.00011,,,0.24,0.24,0.07,0.07,,,0.04897515,0.04897515,,,,,,,,,,,,,0.07,0.24,3.196347032,3.204272363,0.04897515,1.270859903,0.057518164,0.057518164,0.057518164,,0.01,0.009,70,M,bare water,"(25.0, 23.1)","(18.0, 24.6)","(20.0, 8.5)",2M0840+19 c,M3.0 V
GJ 357 b,GJ 357,3.93072,,1.84,1.217,,1.015780882,525,3505,0.342,0.337,,,Luq19,2.83E-05,,,0.31,0.31,0.084,0.083,,,0.308362053,0.235806276,11,9,,,,,,,,,,,0.0835,0.31,6.861133936,16.84782609,0.272084165,1.032091482,0.187751143,0.187751143,0.187751143,10,0.015,0.011,51,M,bare rocky,"(5.9, 13.7)","(13.9, 24.9)","(11.5, 12.0)",LHS 2157 b,M2.5 V
TOI-1235 b,TOI-1235,3.444717,,6.69,1.694,,1.315073463,775,3997,0.63,0.619,,,Blu21 Clo21,3.85E-05,,,0.67,0.69,0.08,0.077,,,0.235806276,0.199528387,13,13,,,,,,,,,,,0.0785,0.68,4.634002361,10.16442451,0.217667332,1.013503531,0.113217691,0.113217691,0.113217691,13,0.01916,0.024,51,M,bare rocky,"(7.7, 18.7)","(10.1, 24.1)","(8.0, 11.9)",TYC 4384-1735-1 b,M0.5 V
GJ 1132 b,GJ 1132,1.628931,,1.66,1.13,,1.142753492,529,3270,0.181,0.2105,,,Ber15 Bon18,1.59E-05,,,0.23,0.23,0.056,0.056,,,0.235806276,0.235806276,9,9,,,,,,,,,,,0.056,0.23,4.955752212,13.85542169,0.235806276,0.985348299,0.144994325,0.144994325,0.144994325,9,0.0102,0.019,140,M,bare rocky,"(4.7, 14.9)","(15.2, 33.6)","(26.3, 36.8)",LTT 3758 b,M4 V
LTT 3780 b,LTT 3780,0.768377,,2.47,1.32,,1.072011609,1000,3360,0.379,0.382,,,Clo20a Now20,1.66E-05,,,0.24,0.24,0.06,0.06,,,0.195900599,0.161436604,98,100,,,,,,,,,,,0.06,0.24,4.545454545,9.71659919,0.178668601,1.03380736,0.11089889,0.11089889,0.11089889,99,0.012,0.016,51,M,bare rocky,"(0.4, 4.4)","(16.7, 35.9)","(66.8, 35.8)",LP 729-54 b,M3.5 V
LTT 3780 c,LTT 3780,12.252131,,7.02,2.33,,0.549610013,397,3360,0.379,0.382,,,Clo20a Now20,0.000737585,,,0.69,0.67,0.14,0.13,,,0.119717032,0.097950299,37,40,,,,,,,,,,,0.135,0.68,5.793991416,9.686609687,0.108833666,1.375992799,0.155310974,0.155310974,0.155310974,38.5,0.012,0.016,51,M,gas-rich,"(43.8, 21.2)","(55.0, 26.4)","(72.4, 21.2)",LP 729-54 c,M3.5 V
K2-18 b,K2-18,32.939614,,8.64,2.711,,0.435334664,284,3457,0.495,0.469,,,Ben17 Sar18 Clou19,0.001142494,,,1.35,1.35,0.065,0.065,,,0.072555777,0.072555777,15,15,,,,,,,,,,,0.065,1.35,2.397639248,15.625,0.072555777,1.51362292,0.239271804,0.239271804,0.239271804,15,0.01,0.004,39,M,gas-rich,"(79.2, 7.9)","(92.5, 18.0)","(95.5, 14.4)",PM J11302+0735 b,M2.5 V
TOI-776 b,TOI-776,8.24664,,4,1.85,,0.616724107,514,3709,0.538,0.544,,,Luq21,4.22E-05,,,0.9,0.9,0.13,0.13,,,0.199528387,0.163250499,17,17,,,,,,,,,,,0.13,0.9,7.027027027,22.5,0.181389443,1.271899545,0.299809442,0.299809442,0.299809442,17,0.028,0.024,70,M,bare water,"(35.7, 26.8)","(29.3, 26.0)","(36.2, 23.6)",LP 961-53 b,M1 V
GJ 486 b,GJ 486,1.467119,,2.82,1.305,,1.269726102,701,3340,0.323,0.3287,,,Tri20,1.67E-05,,,0.11,0.12,0.063,0.067,,,0.217667332,0.181389443,13,13,,,,,,,,,,,0.065,0.115,4.980842912,4.078014184,0.199528387,0.986101373,0.06347843,0.06347843,0.06347843,13,0.01091,0.015,54,M,bare rocky,"(0.0, 1.3)","(4.0, 17.8)","(12.1, 22.3)",TOI-1827 b,M3.5 V
GJ 1214 b,GJ 1214,1.580404497,,6.26,2.85,,0.27027027,576,3026,0.15,0.216,,,Cha09 Ang13 Harp14,1.20E-06,,,0.86,0.86,0.2,0.2,,,0.076183566,0.059858516,14,14,,,,,,,,,,,0.2,0.86,7.01754386,13.73801917,0.068021041,1.736019103,0.267808219,0.267808219,0.267808219,14,0.012,0.011,150,M,gas-rich,"(4.5, 17.1)","(35.1, 44.4)","(36.1, 28.2)",LHS 3275 b,M4.5 V
GJ 1252 b,GJ 1252,0.5182349,,1.32,1.193,,0.76546345,1089,3458,0.381,0.391,,,Shp20,4.13E-06,,,0.28,0.28,0.074,0.074,,,0.243061854,0.199528387,69,69,,,,,,,,,,,0.074,0.28,6.202849958,21.21212121,0.221295121,1.106758573,0.244598511,0.244598511,0.244598511,69,0.02,0.019,140,M,bare rocky,"(0.5, 5.4)","(25.9, 42.9)","(87.5, 25.2)",L 210-70 b,M3.0 V
TRAPPIST-1 b,TRAPPIST-1,1.510826,,1.374,1.116,,0.984037729,400.1,2566,0.0898,0.1192,,,Gil16 Gil17 Gri18 Ago21,4.91E-05,,,0.069,0.069,0.014,0.012,,,0.048068202,0.049337929,7.7,7.7,,,,,,,,,,,0.013,0.069,1.164874552,5.021834061,0.048703065,1.024166304,0.052797487,0.052797487,0.052797487,7.7,0.0013,0.0023,26,M,bare rocky,"(0.2, 1.4)","(10.2, 27.3)","(15.3, 23.9)",2MUCD 12171 b,M8.0 V
TRAPPIST-1 c,TRAPPIST-1,2.421937,,1.308,1.097,,0.988028297,341.9,2566,0.0899,0.1192,,,Gil16 Gil17 Gri18 Ago21,1.20E-05,,,0.056,0.056,0.014,0.012,,,0.040268456,0.042626519,6.6,6.6,,,,,,,,,,,0.013,0.056,1.185050137,4.281345566,0.041447488,1.020213394,0.045321209,0.045321209,0.045321209,6.6,0.0013,0.0024,26,M,bare rocky,"(0.1, 0.7)","(2.4, 13.0)","(4.5, 11.1)",2MUCD 12171 c,M8.0 V
TRAPPIST-1 f,TRAPPIST-1,9.20754,,1.039,1.045,,0.908579721,219,2566,0.0902,0.1192,,,Gil16 Gil17 Gri18 Ago21,0.00026228,,,0.031,0.031,0.013,0.012,,,0.025031743,0.028659532,4.2,4.2,,,,,,,,,,,0.0125,0.031,1.196172249,2.983638114,0.026845638,1.034250172,0.033245834,0.033245834,0.033245834,4.2,0.0013,0.0027,26,M,bare rocky,"(1.5, 3.7)","(0.9, 1.2)","(2.4, 5.8)",2MUCD 12171 f,M8.0 V
TRAPPIST-1 g,TRAPPIST-1,12.352446,,1.321,1.129,,0.914565572,198.6,2566,0.0903,0.1192,,,Gil16 Gil17 Gri18 Ago21,5.91E-05,,,0.038,0.038,0.015,0.015,,,0.024668964,0.028659532,3.8,3.8,,,,,,,,,,,0.015,0.038,1.328609389,2.87660863,0.026664248,1.047170755,0.033180742,0.033180742,0.033180742,3.8,0.0013,0.0028,26,M,bare rocky,"(3.4, 5.2)","(2.0, 2.6)","(2.7, 1.0)",2MUCD 12171 g,M8.0 V
CD-60 8051 b,CD-60 8051,1.4015,,4.6,1.39,,1.741338654,965,3800,0.62,0.6,,,Ast20,0.00018,,,0.56,0.56,0.09,0.09,,,0.435334664,0.326500998,20,20,,,,,,,,,,,0.09,0.56,6.474820144,12.17391304,0.380917831,0.920218716,0.126885933,0.126885933,0.126885933,20,0.022,0.03,70,M,bare rocky,"(0.1, 2.5)","(12.3, 31.0)","(22.0, 30.6)",L 168-9 b,M1 V
TOI-270 b,TOI-270,3.360161,,1.58,1.151,,1.033919826,581,3506,0.386,0.378,,,VEy21,2.61E-05,,,0.26,0.26,0.05,0.05,,,0.217667332,0.217667332,15,15,,,,,,,,,,,0.05,0.26,4.344048653,16.4556962,0.217667332,1.017148163,0.17311273,0.17311273,0.17311273,15,0.011,0.008,70,M,bare rocky,"(7.3, 17.4)","(14.2, 29.3)","(11.1, 13.1)",L 231-32 b,m3 V
TOI-270 c,TOI-270,5.660183,,6.14,2.332,,0.486123708,488,3506,0.386,0.378,,,VEy21,1.40E-05,,,0.38,0.38,0.072,0.072,,,0.054416833,0.054416833,12,12,,,,,,,,,,,0.072,0.38,3.087478559,6.188925081,0.054416833,1.427940355,0.098760754,0.098760754,0.098760754,12,0.011,0.008,70,M,gas-rich,"(22.0, 14.4)","(22.1, 14.1)","(31.5, 9.7)",L 231-32 c,m3 V
TOI-270 d,TOI-270,11.38027,,4.78,2.005,,0.594957373,387,3506,0.386,0.378,,,VEy21,4.61E-05,,,0.46,0.46,0.067,0.067,,,0.081625249,0.081625249,10,10,,,,,,,,,,,0.067,0.46,3.341645885,9.623430962,0.081625249,1.313666774,0.133824557,0.133824557,0.133824557,10,0.011,0.008,70,M,bare water,"(49.5, 23.0)","(47.2, 27.8)","(57.0, 30.0)",L 231-32 d,m3 V
K2-25 b,K2-25,3.48456408,,24.5,3.44,,0.598585162,494,3207,0.2634,0.2932,,,Man16 Tha20 Ste20,8.19E-05,,,5.7,5.2,0.12,0.12,,,0.145111555,0.145111555,11,11,,,,,,,,,,,0.12,5.45,3.488372093,22.24489796,0.145111555,1.449132677,0.326297645,0.326297645,0.326297645,11,0.0093,0.0077,58,M,gas-rich,"(14.0, 21.2)","(21.0, 31.2)","(19.5, 10.7)",,M4.5 V
TOI-269 b,TOI-269,3.6977104,,8.8,2.77,,0.41356793,531,3514,0.3917,0.398,,,Coin21,3.49E-06,,,1.4,1.4,0.12,0.12,,,0.087066933,0.076183566,25,25,,,,,,,,,,,0.12,1.4,4.332129964,15.90909091,0.081625249,1.538913403,0.253741819,0.253741819,0.253741819,25,0.012,0.0095,70,M,gas-rich,"(9.0, 15.3)","(30.8, 35.8)","(21.9, 10.0)",,M2.0 V
TOI-1231 b,TOI-1231,24.245586,,15.4,3.65,,0.315617631,329,3553,0.485,0.476,,,Burt21,4.99E-05,,,3.3,3.3,0.16,0.15,,,0.085253038,0.076183566,3.8,3.7,,,,,,,,,,,0.155,3.3,4.246575342,21.42857143,0.080718302,1.743176323,0.380802075,0.380802075,0.380802075,3.75,0.015,0.024,52,M,gas-rich,"(72.0, 15.9)","(84.6, 25.0)","(94.3, 15.4)",NLTT 24399 b,M3.0 V
G 9-40 b,G 9-40,5.7459982,0.0418,4.004487609,1.902039554,10.8,0.437148558,441,3395,0.295,0.3026,4.84,-0.07,2022A+A...666A.154L,2.00E-06,0.00064,0.00064,0.635632954,0.635632954,0.065084539,0.065084539,1.8,1.8,0.092508616,0.072555777,8,8,51,51,0.014,0.014,0.0095,0.0095,0.04,0.04,0.16,0.16,0.065084539,0.635632954,3.421828909,15.87301587,0.082532197,1.307281201,0.212271854,0.212271854,0.212271854,8,0.0095,0.014,51,M,bare water,"(31.7, 24.3)","(18.7, 15.9)","(27.1, 13.9)",,
GJ 806 b,GJ 0806,0.9263237,0.01406,1.906898861,1.331988762,10.4,0.602212951,940,3600,0.413,0.4144,4.98,-0.28,arXiv:2301.06873,9.00E-07,0.0003,0.0003,0.158908238,0.158908238,0.023565092,0.023565092,1,1,0.061672411,0.061672411,10,10,16,16,0.011,0.011,0.0038,0.0038,0.12,0.12,0.07,0.07,0.023565092,0.158908238,1.769165965,8.333333333,0.061672411,1.118758449,0.09530771,0.09530771,0.09530771,10,0.0038,0.011,16,M,bare rocky,"(1.2, 7.0)","(26.2, 41.5)","(53.6, 36.1)",,
GJ 3090 b,GJ 3090,2.8531054,0.0317,3.30529136,2.165744153,6.9,0.246689643,692,3556,0.519,0.516,,-0.06,2022A+A...665A..91A,2.30E-06,0.0014,0.0014,0.730977897,0.730977897,0.100993251,0.100993251,1.7,1.6,0.068927988,0.058044622,18,18,70,70,0.013,0.013,0.016,0.016,,,0.12,0.12,0.100993251,0.730977897,4.663212435,22.11538462,0.063486305,1.567762209,0.354340545,0.354340545,0.354340545,18,0.016,0.013,70,M,gas-rich,"(11.8, 21.0)","(24.6, 36.5)","(16.2, 14.4)",,
Kepler-54 b,Kepler-054,8.01026,0.062922261,3.082819826,1.858275812,,0.480416175,,3854,0.518,0.522,4.73,-0.16,2023A+A...669A.117L,3.00E-05,0.00157913,0.00157913,0.286034829,0.317816477,0.057229509,0.057229509,,,0.049322487,0.049322487,,,80,80,0.013,0.013,0.014,0.014,0.15,0.15,0.1,0.1,0.057229509,0.301925653,3.079710145,9.793814433,0.049322487,1.370761908,0.140730869,0.140730869,0.140730869,,0.014,0.013,80,M,gas-rich,"(34.3, 19.9)","(28.9, 14.9)","(42.1, 19.6)",,
Kepler-54 c,Kepler-054,12.072389,0.082712038,2.097588747,1.689953728,,0.434606187,,3854,0.518,0.522,4.73,-0.16,2023A+A...669A.117L,0.0001,0.002075785,0.002075785,0.190689886,0.222471534,0.053863067,0.054985214,,,0.045032408,0.045032408,,,80,80,0.013,0.013,0.014,0.014,0.15,0.15,0.1,0.1,0.054424141,0.20658071,3.220451527,9.848484848,0.045032408,1.383322271,0.143335126,0.143335126,0.143335126,,0.014,0.013,80,M,gas-rich,"(48.0, 20.6)","(60.7, 19.1)","(76.0, 6.6)",,
LTT 1445A b,LTT 1445A,5.3587657,0.02661,2.860348292,1.306179375,16.5,0.970433521,424,3337,0.257,0.268,4.983,-0.34,2022AJ....163..168W,4.30E-06,0.00047,0.00049,0.254253182,0.254253182,0.066206687,0.06059595,2,1.9,0.163250499,0.150553238,21,21,150,150,0.014,0.014,0.027,0.027,0.044,0.045,0.08,0.08,0.063401318,0.254253182,4.85395189,8.888888889,0.156901868,0.98321016,0.099577977,0.099577977,0.099577977,21,0.027,0.014,150,M,bare rocky,"(1.9, 4.3)","(9.7, 19.6)","(7.2, 6.7)",,
LTT 1445A c,LTT 1445A,3.1239035,0.03813,1.525519089,1.147956616,11.4,0.761835661,508,3337,0.257,0.268,4.983,-0.34,2022AJ....163..168W,3.50E-06,0.00068,0.0007,0.190689886,0.190689886,0.054985214,0.053863067,1.2,1,0.092508616,0.081625249,25,25,150,150,0.014,0.014,0.027,0.027,0.044,0.045,0.08,0.08,0.054424141,0.190689886,4.740957967,12.5,0.087066933,1.024125402,0.136913993,0.136913993,0.136913993,25,0.027,0.014,150,M,bare rocky,"(6.5, 14.9)","(9.9, 25.1)","(9.8, 13.3)",,
TOI-1075 b,TOI-1075,0.6047328,0.01159,9.947655727,1.793191273,,1.269726102,1323,3875,0.604,0.581,,-0.1,2023AJ....165...47E,3.20E-06,0.00023,0.0002,1.366610851,1.303047555,0.115581165,0.080794601,,,0.272084165,0.25394522,44,44,75,75,0.03,0.03,0.024,0.024,,,0.12,0.12,0.098187883,1.334829203,5.475594493,13.41853035,0.263014693,0.963767686,0.139676205,0.139676205,0.139676205,44,0.024,0.03,75,M,bare rocky,"(0.4, 4.5)","(16.8, 36.3)","(79.2, 29.5)",,
TOI-1201 b,TOI-1201,2.4919863,0.0287,6.292766242,2.412616544,10.5,0.33557047,703,3476,0.512,0.508,4.8,0.05,2021A+A...656A.124K,3.10E-06,0.0012,0.0012,0.82632284,0.889886135,0.089771778,0.089771778,1.8,1.6,0.0653002,0.058044622,15,14,51,51,0.02,0.02,0.016,0.016,0.04,0.04,0.16,0.16,0.089771778,0.858104488,3.720930233,13.63636364,0.061672411,1.467523845,0.207433203,0.207433203,0.207433203,14.5,0.016,0.02,51,M,gas-rich,"(4.6, 11.4)","(23.6, 36.8)","(17.9, 16.9)",,
TOI-1468 b,TOI-1468,1.8805136,0.020789667,3.209946417,1.281492136,19.1,1.525281302,682,3496,0.339,0.344,5,-0.04,2022A+A...666A.155C,2.50E-06,0.000674591,0.000674591,0.254253182,0.254253182,0.038153006,0.039275153,1.9,1.8,0.129303453,0.129303453,7,7,25,25,0.011,0.011,0.005,0.005,0.11,0.11,0.07,0.07,0.038714079,0.254253182,3.021015762,7.920792079,0.129303453,0.935028079,0.079265614,0.079265614,0.079265614,7,0.005,0.011,25,M,bare rocky,"(0.1, 2.4)","(6.7, 23.4)","(9.2, 20.2)",,
TOI-1468 c,TOI-1468,15.532482,0.084948777,6.642364367,2.06587305,15.3,0.753376041,338,3496,0.339,0.344,5,-0.04,2022A+A...666A.155C,3.40E-05,0.00275645,0.00275645,0.667414601,0.667414601,0.044885889,0.044885889,1.7,1.6,0.077447641,0.077447641,4,3,25,25,0.011,0.011,0.005,0.005,0.11,0.11,0.07,0.07,0.044885889,0.667414601,2.172732211,10.04784689,0.077447641,1.238380923,0.127306518,0.127306518,0.127306518,3.5,0.005,0.011,25,M,bare water,"(54.7, 29.8)","(62.5, 29.3)","(77.9, 29.2)",,
TOI-1695 b,TOI-1695,3.1342791,0.03355,6.356329538,1.90765029,17.1,0.689279884,698,3650,0.515,0.513,4.725,0,2023AJ....165..167C,6.70E-06,0.00026,0.00027,0.985231078,0.985231078,0.157100612,0.134657668,4.3,3.4,0.25394522,0.181389443,14,14,40,40,0.015,0.015,0.012,0.012,0.027,0.026,0.08,0.08,0.14587914,0.985231078,7.647058824,15.5,0.217667332,1.157220053,0.200010852,0.200010852,0.200010852,14,0.012,0.015,40,M,bare water,"(10.6, 20.8)","(14.3, 28.2)","(13.9, 14.2)",,
Kepler-138 d,Kepler-138,23.0923,0.1288,2.097588747,1.51489876,9.8,0.489751496,345,3841,0.535,0.535,4.71,-0.18,2023NatAs...7..206P,0.0006,0.001,0.001,0.603851306,0.699196249,0.044885889,0.044885889,2.8,2.9,0.145111555,0.145111555,7,7,50,51,0.012,0.012,0.013,0.014,0.03,0.03,0.1,0.1,0.044885889,0.651523778,2.962962963,31.06060606,0.145111555,1.240029924,0.386909287,0.386909287,0.386909287,7,0.0135,0.012,50.5,M,bare water,"(60.1, 28.0)","(78.3, 30.3)","(65.9, 40.6)"
TOI-1470 b,TOI-1470,2.527093,0.0285,7.309778969,2.176965625,,0.52784328,734,3709,0.471,0.469,4.77,0,2023A+A...675A.177G,4.00E-06,0.0004,0.0004,1.207702612,1.23948426,0.044885889,0.044885889,,,0.096136405,0.092508616,,,11,11,0.011,0.011,0.003,0.003,0.02,0.02,0.03,0.03,0.044885889,1.223593436,2.06185567,16.73913043,0.09432251,1.27163929,0.214470076,0.214470076,0.214470076,,0.003,0.011,11,M,bare water,"(4.5, 11.8)","(17.5, 32.8)","(16.3, 19.2)"